{
  "name": "angular-resource",
  "version": "1.5.0-rc.0",
  "main": "./angular-resource.js",
  "ignore": [],
  "dependencies": {
    "angular": "1.5.0-rc.0"
  },
  "homepage": "https://github.com/angular/bower-angular-resource",
  "_release": "1.5.0-rc.0",
  "_resolution": {
    "type": "version",
    "tag": "v1.5.0-rc.0",
    "commit": "da13b5e68ba2bd657d080f5a855e09afb1a52564"
  },
  "_source": "git://github.com/angular/bower-angular-resource.git",
  "_target": "^1.5.0",
  "_originalSource": "angular-resource"
}